City_ID,City,Lat,Lng,Max Temp,Humidity,Cloudiness,Wind Speed,Country,Date
0,hadibu,12.65,54.0333,24.43,69,62,4.54,YE,1702331548
1,adamstown,-25.066,-130.1015,21.64,60,1,1.95,PN,1702331692
2,edinburgh of the seven seas,-37.0676,-12.3116,13.53,90,100,9.22,SH,1702331692
3,papao,-17.75,-149.55,28.7,78,90,10.98,PF,1702331692
4,waitangi,-43.9535,-176.5597,14.34,91,100,3.13,NZ,1702331693
5,bethel,41.3712,-73.414,5.29,66,100,5.14,US,1702331693
6,muisne,0.6,-80.0333,26.25,82,85,3.55,EC,1702331693
7,hermanus,-34.4187,19.2345,17.37,87,62,5.81,ZA,1702331487
8,birobidzhan,48.8,132.95,-25.66,93,5,1.81,RU,1702331694
9,iskateley,67.6803,53.1512,-14.48,91,100,8.44,RU,1702331618
10,port elizabeth,-33.918,25.5701,17.28,92,0,1.54,ZA,1702331694
11,port douglas,-16.4833,145.4667,28.51,66,69,3.1,AU,1702331695
12,grytviken,-54.2811,-36.5092,2.31,77,32,5.49,GS,1702331695
13,invercargill,-46.4,168.35,10.41,58,64,8.63,NZ,1702331695
14,monticello,45.3055,-93.7941,1.19,77,0,4.63,US,1702331696
15,lihue,21.9789,-159.3672,27.58,78,20,4.12,US,1702331697
16,happy valley-goose bay,53.3168,-60.3315,-0.83,86,100,4.12,CA,1702331697
17,bilibino,68.0546,166.4372,-20.14,95,100,1.6,RU,1702331698
18,west island,-12.1568,96.8225,24.99,83,93,3.09,CC,1702331698
19,iqaluit,63.7506,-68.5145,-15.15,72,100,4.12,CA,1702331699
20,ushuaia,-54.8,-68.3,10.81,43,0,1.54,AR,1702331483
21,monrovia,6.3005,-10.7969,25.87,80,54,1.86,LR,1702331699
22,la passe,45.5549,-0.8967,14.13,90,100,5.47,FR,1702331700
23,blackmans bay,-43.0167,147.3167,16.07,79,20,0.89,AU,1702331700
24,port-aux-francais,-49.35,70.2167,5.65,98,99,10.34,TF,1702331700
25,ghat,24.9647,10.1728,12.57,37,0,1.31,LY,1702331701
26,carnarvon,-24.8667,113.6333,24.43,39,0,2.78,AU,1702331701
27,remire-montjoly,4.9167,-52.2667,28.02,78,40,2.57,GF,1702331701
28,albany,42.6001,-73.9662,2.51,75,12,5.36,US,1702331702
29,xai-xai,-25.0519,33.6442,23.75,97,99,0.78,MZ,1702331702
30,holualoa,19.6228,-155.9522,26.54,78,40,4.12,US,1702331702
31,gogapur,23.55,75.5167,15.96,46,63,2.66,IN,1702331703
32,nadym,65.5333,72.5167,-28.09,88,100,5.2,RU,1702331703
33,westport,41.1415,-73.3579,5.99,65,100,6.69,US,1702331704
34,aioun,16.6614,-9.6149,22.74,13,1,5.0,MR,1702331704
35,anta,25.15,76.3,16.09,45,0,1.53,IN,1702331704
36,nova sintra,14.8667,-24.7167,23.18,68,28,7.35,CV,1702331705
37,sitka,57.0531,-135.33,6.94,76,100,5.66,US,1702331705
38,kodiak,57.79,-152.4072,-0.27,64,20,3.6,US,1702331705
39,tanjung pandan,-2.75,107.65,26.15,84,96,2.06,ID,1702331706
40,constantia,44.1833,28.65,2.61,81,36,4.29,RO,1702331706
41,tura,25.5198,90.2201,14.71,89,0,1.44,IN,1702331706
42,juneau,58.3019,-134.4197,4.0,81,100,10.29,US,1702331707
43,tarnogskiy gorodok,60.4997,43.5761,-10.89,88,100,5.4,RU,1702331707
44,tongchuanshi,35.0806,109.0897,-0.16,95,81,0.96,CN,1702331707
45,mesquite,32.7668,-96.5992,18.93,27,0,3.09,US,1702331597
46,atafu village,-8.5421,-172.5159,28.74,79,100,10.87,TK,1702331598
47,badger,64.8,-147.5333,-8.07,86,100,0.0,US,1702331426
48,carloforte,39.145,8.3058,16.47,91,31,4.28,IT,1702331709
49,toamasina,-18.1667,49.3833,25.0,88,40,0.0,MG,1702331709
50,kruisfontein,-34.0033,24.7314,16.05,86,1,2.97,ZA,1702331710
51,la foa,-21.7108,165.8276,25.56,55,90,1.96,NC,1702331710
52,caluula,11.9661,50.7569,24.97,66,6,3.25,SO,1702331710
53,coquimbo,-29.9533,-71.3436,17.85,72,40,6.17,CL,1702331372
54,luganville,-15.5333,167.1667,25.78,74,100,3.33,VU,1702331553
55,alofi,-19.0595,-169.9187,25.94,83,78,3.6,NU,1702331598
56,luderitz,-26.6481,15.1594,18.89,55,0,9.34,NA,1702331712
57,flying fish cove,-10.4217,105.6791,23.82,88,40,3.09,CX,1702331712
58,thayetmyo,19.3167,95.1833,21.11,85,0,1.93,MM,1702331712
59,papatowai,-46.5619,169.4708,9.85,66,55,9.02,NZ,1702331713
60,port shepstone,-30.7414,30.455,20.25,86,99,0.38,ZA,1702331713
61,ghadamis,30.1337,9.5007,13.5,42,0,2.73,LY,1702331713
62,olonkinbyen,70.9221,-8.7187,-0.16,99,100,5.61,SJ,1702331714
63,margaret river,-33.95,115.0667,15.59,72,0,4.31,AU,1702331714
64,puerto natales,-51.7236,-72.4875,12.25,47,75,8.75,CL,1702331714
65,port mathurin,-19.6833,63.4167,25.94,76,91,2.67,MU,1702331715
66,santana,-0.0583,-51.1817,31.1,66,20,4.63,BR,1702331715
67,puerto ayora,-0.7393,-90.3518,27.98,78,72,3.75,EC,1702331715
68,tabuk,17.4189,121.4443,23.23,85,95,0.97,PH,1702331716
69,san julian,21.0167,-102.1667,10.03,86,100,2.56,MX,1702331716
70,axim,4.8699,-2.2405,26.97,82,16,3.15,GH,1702331717
71,tolanaro,-25.0319,46.9987,26.04,94,20,6.17,MG,1702331717
72,buka,40.8108,69.1986,-5.47,95,100,4.04,UZ,1702331718
73,palapag,12.5458,125.1147,25.29,91,81,2.46,PH,1702331718
74,sechura,-5.5569,-80.8222,25.85,61,14,7.5,PE,1702331718
75,chililabombwe,-12.3648,27.8229,18.41,98,100,1.2,ZM,1702331719
76,vilyuchinsk,52.9306,158.4028,-8.85,84,14,3.52,RU,1702331609
77,georgetown,5.4112,100.3354,26.08,97,20,1.54,MY,1702331538
78,newman,37.3138,-121.0208,16.24,49,96,1.34,US,1702331720
79,cedeira,43.6797,-8.0209,16.88,77,100,8.91,ES,1702331720
80,sarangani,5.4033,125.4636,27.75,75,61,3.94,PH,1702331721
81,kalocsa,46.5264,18.9858,4.34,100,99,2.7,HU,1702331721
82,utrik,11.2278,169.8474,27.15,71,20,9.34,MH,1702331721
83,talnakh,69.4865,88.3972,-26.54,98,100,4.7,RU,1702331558
84,osterburg,52.7833,11.7667,7.85,99,98,3.85,DE,1702331722
85,mendi,-6.1761,143.6513,15.87,83,78,0.6,PG,1702331722
86,augusto correa,-1.0217,-46.635,26.63,79,36,3.32,BR,1702331723
87,tazovsky,67.4667,78.7,-25.39,95,100,3.9,RU,1702331723
88,katima mulilo,-17.5,24.2667,22.76,58,40,2.27,NA,1702331633
89,hillsboro,45.5229,-122.9898,11.91,90,100,1.54,US,1702331570
90,orchard homes,46.8633,-114.0484,4.22,95,100,1.54,US,1702331724
91,egilsstadir,65.2653,-14.3948,-3.05,74,100,3.09,IS,1702331584
92,jamestown,42.097,-79.2353,0.01,77,100,5.14,US,1702331500
93,bijie,27.3125,105.2942,8.88,90,100,2.1,CN,1702331725
94,pran buri,12.3847,99.9098,24.01,82,16,1.26,TH,1702331725
95,qaqortoq,60.7167,-46.0333,-1.35,96,100,5.17,GL,1702331540
96,chonchi,-42.6128,-73.8092,13.56,93,100,2.32,CL,1702331726
97,narvik,68.4384,17.4272,-8.19,91,30,2.78,NO,1702331726
98,progreso,21.2833,-89.6667,24.5,63,99,6.16,MX,1702331429
99,prineville,44.2999,-120.8345,11.68,74,100,2.06,US,1702331727
100,taroa,8.7058,171.2275,27.7,75,84,9.06,MH,1702331727
101,sa'dah,16.9402,43.7639,11.34,30,2,1.2,YE,1702331728
102,slawno,54.3628,16.6789,1.49,99,100,0.45,PL,1702331728
103,weno,7.4515,151.8468,26.97,89,100,3.6,FM,1702331729
104,tamandare,-8.7597,-35.1047,26.08,75,1,4.03,BR,1702331729
105,okha,53.5739,142.9478,-20.51,85,65,10.35,RU,1702331729
106,walvis bay,-22.9575,14.5053,16.72,82,18,3.6,NA,1702331729
107,belyy yar,53.6039,91.3903,-34.06,68,54,0.0,RU,1702331730
108,wailua homesteads,22.0669,-159.378,27.24,83,20,4.12,US,1702331730
109,arangaon,18.6667,75.1833,20.01,60,81,2.61,IN,1702331730
110,vila velha,-20.3297,-40.2925,27.97,83,20,6.17,BR,1702331731
111,beltran,-27.8291,-64.061,33.78,31,1,6.59,AR,1702331731
112,belmonte,-15.8631,-38.8828,26.08,80,81,5.2,BR,1702331731
113,rapid valley,44.0625,-103.1463,7.11,59,100,12.07,US,1702331732
114,longyearbyen,78.2186,15.6401,-6.09,68,75,5.14,SJ,1702331732
115,harper,4.375,-7.7169,26.37,83,23,2.95,LR,1702331731
116,winchester,51.0651,-1.3187,11.35,97,75,2.57,GB,1702331733
117,yellowknife,62.456,-114.3525,-23.71,77,75,1.03,CA,1702331728
118,kloulklubed,7.0419,134.2556,26.28,78,89,5.71,PW,1702331733
119,along,28.1667,94.7667,11.39,78,1,0.71,IN,1702331734
120,zhangye,38.9342,100.4517,2.74,17,0,4.45,CN,1702331734
121,christchurch,-43.5333,172.6333,11.29,81,100,9.26,NZ,1702331734
122,bonnyville,54.2668,-110.735,-7.11,59,22,2.54,CA,1702331415
123,fuglafjordur,62.244,-6.814,4.26,86,100,5.3,FO,1702331735
124,ryotsu-minato,38.0833,138.4333,10.26,94,100,5.96,JP,1702331735
125,kem',64.9555,34.5793,-16.22,98,100,1.11,RU,1702331735
126,antofagasta,-23.65,-70.4,20.6,70,100,3.23,CL,1702331478
127,nikolayevsk-on-amure,53.1406,140.73,-25.07,88,14,2.46,RU,1702331496
128,isafjordur,66.0755,-23.124,-4.88,82,93,0.82,IS,1702331737
129,palikir - national government center,6.9248,158.1611,28.41,79,100,2.57,FM,1702331737
130,susuman,62.7833,148.1667,-21.68,96,100,2.24,RU,1702331737
131,port lincoln,-34.7333,135.8667,18.62,65,77,4.51,AU,1702331738
132,aykhal,66.0,111.5,-26.17,99,100,2.05,RU,1702331738
133,cabo san lucas,22.8909,-109.9124,28.12,60,0,2.07,MX,1702331578
134,peniche,39.3558,-9.3811,17.94,93,100,5.15,PT,1702331739
135,paracuru,-3.41,-39.0306,27.84,77,42,5.35,BR,1702331739
136,shache,38.4167,77.2406,-0.66,45,100,1.95,CN,1702331740
137,asau,46.4333,26.4,-2.49,85,27,2.96,RO,1702331740
138,mansa,29.9833,75.3833,12.76,29,0,2.4,IN,1702331740
139,east london,-33.0153,27.9116,19.29,87,56,1.75,ZA,1702331485
140,vorkuta,67.5,64.0,-18.74,89,100,5.83,RU,1702331730
141,touros,-5.1989,-35.4608,26.68,75,0,6.19,BR,1702331676
142,hamilton,39.1834,-84.5333,5.13,63,20,4.12,US,1702331702
143,tucumcari,35.1717,-103.725,12.19,30,0,2.57,US,1702331742
144,college,64.8569,-147.8028,-8.03,82,100,0.0,US,1702331742
145,henderson,36.0397,-114.9819,16.87,17,0,2.57,US,1702331623
146,al miqdadiyah,33.9786,44.9369,18.61,25,100,0.37,IQ,1702331743
147,la'ie,21.6477,-157.9253,28.98,75,18,2.24,US,1702331743
148,mitu,1.1983,-70.1733,25.39,94,99,0.53,CO,1702331743
149,vila franca do campo,37.7167,-25.4333,14.23,82,100,2.55,PT,1702331744
150,punta arenas,-53.15,-70.9167,13.06,41,75,10.8,CL,1702331602
151,nova vicosa,-17.8919,-39.3719,25.65,82,81,7.32,BR,1702331744
152,vorgashor,67.5833,63.95,-19.1,90,100,5.95,RU,1702331720
153,karratha,-20.7377,116.8463,24.52,49,0,2.7,AU,1702331745
154,codrington,-38.2667,141.9667,20.9,82,100,5.73,AU,1702331745
155,bardai,11.65,7.2333,16.05,29,0,4.24,NG,1702331745
156,sandakan,5.8402,118.1179,24.82,100,40,1.54,MY,1702331746
157,baiyin,36.5583,104.2081,-1.84,49,0,0.97,CN,1702331557
158,kimbe,-5.5502,150.1429,26.05,90,94,0.91,PG,1702331746
159,ust-nera,64.5667,143.2,-19.46,98,100,3.4,RU,1702331747
160,staryye ozinki,51.1786,49.6769,-14.65,52,99,9.25,RU,1702331747
161,whitehorse,60.7161,-135.0538,0.43,74,75,12.35,CA,1702331748
162,dzuunmod,48.2199,97.3744,-20.88,91,100,0.13,MN,1702331748
163,katsuura,35.1333,140.3,14.01,93,100,9.68,JP,1702331748
164,wanzleben,52.05,11.45,10.32,84,90,8.03,DE,1702331748
165,airway heights,47.6446,-117.5933,3.95,90,100,3.09,US,1702331749
166,udachny,66.4167,112.4,-24.92,97,100,3.99,RU,1702331749
167,kirensk,57.7853,108.1119,-32.8,99,98,0.45,RU,1702331749
168,ilulissat,69.2167,-51.1,2.01,64,100,7.72,GL,1702331745
169,saipan,15.1355,145.701,27.39,83,20,5.66,MP,1702331750
170,tbeng meanchey,13.8167,104.9667,22.24,77,100,1.71,KH,1702331750
171,severobaykal'sk,55.65,109.3167,-24.16,86,77,3.09,RU,1702331750
172,bredasdorp,-34.5322,20.0403,18.19,74,40,3.63,ZA,1702331555
173,san patricio,28.017,-97.5169,20.05,36,100,4.51,US,1702331533
174,avarua,-21.2078,-159.775,26.03,83,75,10.29,CK,1702331664
175,kushiro,42.975,144.3747,-1.6,78,100,4.12,JP,1702331752
176,sola,-13.8833,167.55,26.35,63,100,7.4,VU,1702331752
177,konduga,11.6558,13.4213,18.16,31,20,3.33,NG,1702331753
178,carauari,-4.8828,-66.8958,26.24,94,100,1.64,BR,1702331753
179,nizhniy lomov,53.5304,43.6766,-10.16,87,100,9.95,RU,1702331754
180,yemetsk,63.4721,41.7941,-11.34,94,100,3.96,RU,1702331754
181,shumikha,55.2261,63.2961,-31.34,98,7,1.1,RU,1702331754
182,kencong,-8.2833,113.3667,24.57,82,100,1.0,ID,1702331755
183,whistler,50.1164,-122.9695,3.74,100,20,1.03,CA,1702331755
184,goris,41.9842,44.1158,6.7,85,100,5.71,GE,1702331581
185,sur,22.5667,59.5289,23.16,62,48,1.56,OM,1702331755
186,thompson,55.7435,-97.8558,-10.91,73,100,9.77,CA,1702331475
187,new norfolk,-42.7826,147.0587,16.72,46,90,1.04,AU,1702331756
188,aasiaat,68.7098,-52.8699,-1.04,76,100,5.13,GL,1702331757
189,shimoda,34.6667,138.95,12.84,97,100,6.97,JP,1702331757
190,obihiro,42.9172,143.2044,-2.29,59,100,1.07,JP,1702331757
191,ponta delgada,37.7333,-25.6667,14.4,82,20,1.03,PT,1702331757
192,porto belo,-27.1578,-48.5531,23.87,84,72,3.52,BR,1702331758
193,olinda,-8.0089,-34.8553,27.85,69,40,3.6,BR,1702331758
194,stanley,54.868,-1.6985,0.43,97,20,0.0,GB,1702331754
195,tiksi,71.6872,128.8694,-22.19,100,100,3.85,RU,1702331735
196,namibe,-15.1961,12.1522,22.29,71,46,3.3,AO,1702331759
197,howrah,22.5892,88.3103,17.0,82,0,2.06,IN,1702331759
198,moree,-29.4667,149.85,25.08,47,67,6.27,AU,1702331760
199,grand falls-windsor,48.9332,-55.6649,13.06,88,100,4.47,CA,1702331760
200,afaahiti,-17.75,-149.2833,27.81,78,95,10.22,PF,1702331760
201,okhotsk,59.3833,143.3,-9.62,90,100,2.04,RU,1702331744
202,mega,4.05,38.3,18.18,59,73,3.51,ET,1702331761
203,san antonio de pale,-1.4014,5.6325,25.63,85,100,3.45,GQ,1702331761
204,xuanzhou,30.9525,118.7553,3.58,88,100,2.76,CN,1702331761
205,jalai nur,49.45,117.7,-25.67,99,100,1.12,CN,1702331762
206,lata,40.1629,-8.3327,17.12,90,100,2.09,PT,1702331581
207,al bawiti,28.3492,28.8659,13.23,59,0,1.88,EG,1702331762
208,lebu,-37.6167,-73.65,15.18,72,100,3.14,CL,1702331763
209,yelizovo,53.1873,158.3805,-8.92,72,40,4.02,RU,1702331763
210,floro,61.5996,5.0328,5.54,60,4,4.12,NO,1702331763
211,skovorodino,53.9833,123.9167,-34.18,99,5,1.19,RU,1702331764
212,dudinka,69.4058,86.1778,-24.62,98,100,6.26,RU,1702331764
213,banaybanay,13.85,121.2,22.25,96,49,1.33,PH,1702331765
214,viedma,-40.8135,-62.9967,27.42,36,94,13.82,AR,1702331766
215,klyuchi,52.2667,79.1667,-24.13,87,28,6.26,RU,1702331602
216,rampur,28.8167,79.0333,11.99,41,0,1.33,IN,1702331766
217,summerside,46.3959,-63.7876,16.27,94,100,14.4,CA,1702331767
218,shwebo,22.5667,95.7,18.38,90,2,2.46,MM,1702331767
219,arkhangel'sk,64.5401,40.5433,-13.94,77,40,3.0,RU,1702331767
220,saint-pierre,-21.3393,55.4781,24.82,73,0,6.69,RE,1702331579
221,kayes,14.0,-11.0,27.03,12,30,2.79,ML,1702331768
222,tiangua,-3.7322,-40.9917,25.55,51,69,2.28,BR,1702331768
223,nueve de julio,-35.4444,-60.8831,28.87,39,100,1.79,AR,1702331769
224,grand baie,-20.0182,57.5802,25.26,86,9,6.13,MU,1702331769
225,itoman,26.1247,127.6694,22.21,88,75,7.72,JP,1702331531
226,tataouine,32.9297,10.4518,14.38,39,0,5.56,TN,1702331769
227,ribeira grande,38.5167,-28.7,14.22,77,40,2.57,PT,1702331724
228,hiratacho,35.4333,132.8167,13.01,100,75,0.51,JP,1702331770
229,ak-suu,42.4995,78.527,-5.64,70,85,1.7,KG,1702331600
230,mejit,10.2753,170.8646,27.19,69,17,8.18,MH,1702331638
231,st. john's,47.5649,-52.7093,12.66,95,75,8.75,CA,1702331771
232,rajgir,25.0333,85.4167,14.22,46,0,2.18,IN,1702331771
233,minas de marcona,-15.2119,-75.1103,18.3,71,7,6.71,PE,1702331740
234,kapuskasing,49.4169,-82.4331,-8.95,79,100,4.63,CA,1702331772
235,general villegas,-35.0328,-63.0125,32.64,21,56,6.97,AR,1702331750
236,nebbi,2.4783,31.0889,21.27,73,13,2.79,UG,1702331772
237,yuci,37.6803,112.7319,-4.14,86,97,1.0,CN,1702331773
238,mahaddayweyne,2.9726,45.5347,25.02,82,99,4.65,SO,1702331773
239,urangan,-25.3,152.9,24.52,65,95,6.32,AU,1702331773
240,pisco,-13.7,-76.2167,23.03,73,0,8.75,PE,1702331745
241,barcelos,41.5388,-8.6151,17.18,91,100,4.09,PT,1702331774
242,denov,38.2667,67.9,7.69,88,100,2.25,UZ,1702331774
243,ain sefra,32.75,-0.5833,14.4,27,100,0.86,DZ,1702331775
244,bozeman,45.6796,-111.0386,3.43,81,100,2.57,US,1702331491
245,kill devil hills,36.0307,-75.676,9.0,62,75,2.57,US,1702331674
246,ketchikan,55.3422,-131.6461,4.99,87,75,3.09,US,1702331776
247,santa elena de uairen,4.6167,-61.1333,25.21,58,100,1.01,VE,1702331776
248,i-n-salah,27.1935,2.4607,16.11,35,0,5.43,DZ,1702331761
249,cabedelo,-6.9811,-34.8339,27.37,75,2,5.81,BR,1702331777
250,selfoss,63.9331,-20.9971,-3.75,90,59,2.68,IS,1702331778
251,maymana,35.9214,64.7836,7.89,74,100,2.48,AF,1702331778
252,mitsamiouli,-11.3847,43.2844,27.65,73,92,5.14,KM,1702331778
253,svetlyy,54.675,20.1347,0.03,99,100,1.11,RU,1702331779
254,ola,59.5833,151.2833,-8.19,92,100,5.19,RU,1702331779
255,pangody,65.85,74.4859,-26.55,89,100,5.63,RU,1702331759
256,enewetak,11.3474,162.3373,27.79,79,14,8.73,MH,1702331738
257,geraldton,-28.7667,114.6,22.23,26,0,5.14,AU,1702331780
258,hengchun,22.0042,120.7439,24.84,83,37,2.39,TW,1702331780
259,pravokumskoye,44.7694,44.6472,3.19,81,100,9.49,RU,1702331780
260,zelenogorskiy,55.0333,87.0,-25.69,86,8,3.02,RU,1702331781
261,laguna,38.421,-121.4238,17.38,51,0,1.54,US,1702331781
262,kalabo,-14.97,22.6814,21.91,79,94,2.37,ZM,1702331781
263,zakynthos,37.7914,20.8953,10.91,74,15,2.44,GR,1702331782
264,howard springs,-12.497,131.047,27.71,88,99,1.11,AU,1702331759
265,noumea,-22.2763,166.4572,27.99,99,96,6.15,NC,1702331402
266,puerto santa,-8.9906,-78.6456,21.15,80,11,4.48,PE,1702331782
267,tocopilla,-22.092,-70.1979,22.03,63,50,2.94,CL,1702331264
268,harstad,68.799,16.5293,-1.58,94,71,1.92,NO,1702331783
269,hawaiian paradise park,19.5933,-154.9731,25.57,94,75,1.54,US,1702331736
270,port alfred,-33.5906,26.891,17.88,95,4,0.45,ZA,1702331784
271,sao joao da barra,-21.6403,-41.0511,25.05,91,100,4.35,BR,1702331784
272,torzhok,57.0436,34.9622,-5.22,94,100,4.68,RU,1702331784
273,guerrero negro,27.9769,-114.0611,22.63,31,68,3.48,MX,1702331782
274,gisborne,-38.6533,178.0042,18.94,44,0,2.4,NZ,1702331785
275,argo,37.6333,22.7333,9.85,83,14,1.51,GR,1702331785
276,mazatlan,23.2167,-106.4167,26.62,68,0,2.24,MX,1702331786
277,ippy,6.2679,21.2247,24.29,30,70,2.09,CF,1702331786
278,eyl,7.9803,49.8164,24.92,72,76,7.64,SO,1702331594
279,mangalia,43.8,28.5833,5.35,81,31,4.01,RO,1702331787
280,todos santos,23.45,-110.2167,27.95,54,1,1.68,MX,1702331787
281,kattivakkam,13.2167,80.3167,25.05,74,98,4.32,IN,1702331787
282,uturoa,-16.7333,-151.4333,26.96,76,82,8.97,PF,1702331735
283,freeport,40.6576,-73.5832,6.09,62,75,9.77,US,1702331788
284,tandil,-37.3217,-59.1332,25.38,45,39,5.95,AR,1702331566
285,jianshui,23.6363,102.8264,12.29,90,84,0.71,CN,1702331789
286,batticaloa,7.7102,81.6924,25.38,88,96,2.97,LK,1702331789
287,tra vinh,9.9347,106.3453,24.72,87,98,3.89,VN,1702331790
288,yuzhno-kurilsk,44.0306,145.8556,0.76,76,100,4.06,RU,1702331790
289,wanning,18.8003,110.3967,22.03,91,38,1.92,CN,1702331790
290,rudnichnyy,59.617,52.4703,-22.74,83,99,4.31,RU,1702331790
291,mahajanga,-15.7167,46.3167,28.01,78,20,1.03,MG,1702331590
292,kununurra,-15.7667,128.7333,27.99,83,100,0.0,AU,1702331791
293,santa isabel,-23.3156,-46.2214,22.84,93,92,2.52,BR,1702331791
294,hasaki,35.7333,140.8333,12.38,86,100,10.86,JP,1702331742
295,kulhudhuffushi,6.6221,73.07,27.42,74,92,0.96,MV,1702331792
296,kaiyuan,23.6977,103.3037,12.5,92,94,0.88,CN,1702331792
297,lensk,60.7253,114.9278,-28.82,98,98,1.92,RU,1702331793
298,rikaze,29.25,88.8833,-4.24,49,59,0.72,CN,1702331793
299,thunder bay,48.4001,-89.3168,-2.01,69,100,5.66,CA,1702331493
300,zhouzhuang,31.1161,120.8451,4.97,77,100,4.93,CN,1702331793
301,agat village,13.3886,144.6585,28.06,85,20,3.6,GU,1702331794
302,salida,37.7058,-121.0849,16.95,49,0,2.57,US,1702331794
303,bowling green,36.9903,-86.4436,7.41,54,0,2.57,US,1702331406
304,marsa alam,25.0757,34.8918,22.7,83,73,4.71,EG,1702331795
305,misratah,32.3754,15.0925,18.55,70,16,4.71,LY,1702331795
306,crestview,30.7621,-86.5705,15.6,29,0,4.12,US,1702331706
307,kalashnikovo,57.2824,35.2262,-5.91,93,100,4.78,RU,1702331795
308,yaring,6.8662,101.3689,25.85,85,78,4.01,TH,1702331796
309,pingliang,35.5392,106.6861,-1.3,60,0,1.57,CN,1702331796
310,sariveliler,36.6913,32.6196,1.55,94,58,0.91,TR,1702331796
311,salekhard,66.53,66.6019,-28.41,98,100,3.87,RU,1702331797
312,acarau,-2.8856,-40.12,26.87,79,24,7.62,BR,1702331797
313,iwanai,42.9744,140.5089,-2.54,80,100,1.32,JP,1702331797
314,gurinhem,-7.1239,-35.4244,25.37,73,19,5.49,BR,1702331798
315,kaa-khem,51.6833,94.7333,-34.22,97,89,1.0,RU,1702331798
316,aral,40.5156,81.2636,-2.06,51,77,1.97,CN,1702331781
317,el dorado,38.7666,-120.5177,14.12,48,83,0.89,US,1702331798
318,barra de santo antonio,-9.4047,-35.5072,25.6,77,3,6.09,BR,1702331799
319,cova figueira,14.8905,-24.2934,23.22,61,9,5.43,CV,1702331799
320,turpan,42.9333,89.1667,-0.22,64,100,0.58,CN,1702331756
321,sisimiut,66.9395,-53.6735,-0.67,88,100,10.39,GL,1702331800
322,havre,49.5833,0.3333,11.3,93,100,3.09,FR,1702331800
323,port augusta,-32.5,137.7667,20.5,48,60,3.82,AU,1702331800
324,khilok,51.3674,110.4676,-28.83,98,31,0.76,RU,1702331800
325,fale old settlement,-9.3852,-171.2468,28.91,77,100,10.02,TK,1702331792
326,punta del este,-34.9667,-54.95,26.06,89,40,6.71,UY,1702331801
327,ebon,4.582,168.6964,26.8,87,90,8.91,MH,1702331801
328,mersrags,57.3354,23.1246,1.09,98,100,4.97,LV,1702331802
329,fort bragg,35.139,-79.006,8.75,58,0,2.57,US,1702331802
330,lethbridge,49.7,-112.8186,0.45,55,75,3.6,CA,1702331802
331,kalmunai,7.4167,81.8167,24.79,91,97,2.65,LK,1702331803
332,fiambala,-27.6871,-67.6149,30.21,29,13,6.44,AR,1702331800
333,inhambane,-23.865,35.3833,25.66,93,100,2.68,MZ,1702331803
334,sweetwater,25.7634,-80.3731,21.12,68,75,6.17,US,1702331804
335,nelson bay,-32.7167,152.15,26.72,75,19,2.24,AU,1702331804
336,udomlya,57.8794,34.9925,-5.71,91,100,4.62,RU,1702331804
337,zlatograd,41.3833,25.1,3.34,86,7,1.45,BG,1702331805
338,sheopur,25.6667,76.7,15.13,45,0,1.81,IN,1702331805
339,aguilares,-27.4338,-65.6143,31.44,46,58,0.55,AR,1702331805
340,port saint john's,-31.6229,29.5448,20.11,89,99,1.6,ZA,1702331806
341,gazojak,41.1875,61.4036,-8.14,35,0,7.73,TM,1702331806
342,lamarque,-39.423,-65.7021,32.28,13,58,11.45,AR,1702331807
343,gargalianoi,37.0667,21.6333,11.31,77,32,3.28,GR,1702331807
344,herval,-32.0236,-53.3956,22.63,81,58,5.07,BR,1702331807
345,tir pul,34.5943,61.269,6.79,79,1,6.17,AF,1702331808
346,phang nga,8.4509,98.5298,26.02,94,100,1.6,TH,1702331808
347,ulsteinvik,62.3432,5.8487,0.97,79,12,0.89,NO,1702331784
348,cumana,10.4635,-64.1775,26.42,85,99,5.47,VE,1702331809
349,raja,8.4596,25.678,26.43,23,98,1.59,SS,1702331809
350,petropavlovsk-kamchatsky,53.0452,158.6483,-9.67,87,40,7.6,RU,1702331743
351,qarazhal,48.0078,70.7903,-24.23,83,80,8.61,KZ,1702331809
352,twon-brass,4.3151,6.2418,27.9,75,21,4.49,NG,1702331810
353,inarajan village,13.2736,144.7484,28.08,88,51,6.72,GU,1702331810
354,nogliki,51.8333,143.1667,-22.03,93,10,4.02,RU,1702331810
355,masterton,-40.9597,175.6575,16.05,44,24,3.71,NZ,1702331786
356,lisakovsk,52.5369,62.4936,-29.98,96,7,3.27,KZ,1702331811
357,bhawana,31.5692,72.649,12.8,27,0,2.58,PK,1702331811
358,saint-philippe,-21.3585,55.7679,24.77,81,59,4.69,RE,1702331795
359,tuy hoa,13.0833,109.3,22.82,91,47,1.72,VN,1702331812
360,tateyama,34.9833,139.8667,13.96,94,75,1.54,JP,1702331642
361,kupang,-10.1667,123.5833,26.32,100,40,1.03,ID,1702331813
362,suva,-18.1416,178.4415,26.71,65,75,3.09,FJ,1702331691
363,mana,5.6592,-53.7767,26.36,87,98,4.06,GF,1702331813
364,lubango,-14.9172,13.4925,16.92,100,100,2.06,AO,1702331814
365,kingston,17.997,-76.7936,29.53,69,20,9.77,JM,1702331551
366,marsabit,2.3284,37.9899,20.73,61,94,4.96,KE,1702331814
367,diego de almagro,-26.3667,-70.05,27.63,18,4,4.91,CL,1702331815
368,undurkhaan,47.3194,110.6556,-27.14,99,96,0.65,MN,1702331815
369,labrador city,52.9463,-66.9114,-6.05,93,100,3.09,CA,1702331815
370,kuhmo,64.1333,29.5167,-16.86,98,100,1.71,FI,1702331816
371,massenya,11.4039,16.1705,21.15,21,88,3.53,TD,1702331816
372,hithadhoo,-0.6,73.0833,27.73,77,40,2.43,MV,1702331749
373,aoulef,26.9667,1.0833,17.06,32,28,5.02,DZ,1702331816
374,ceelbuur,4.685,46.6176,25.27,70,70,5.09,SO,1702331817
375,nouadhibou,20.931,-17.0347,22.99,31,24,4.63,MR,1702331796
376,alice springs,-23.7,133.8833,15.75,59,0,0.0,AU,1702331576
377,nantucket,41.2835,-70.0995,7.06,70,0,5.14,US,1702331818
378,yatou,37.15,122.3833,1.31,88,100,7.12,CN,1702331818
379,brookings,44.3114,-96.7984,5.21,52,0,7.72,US,1702331775
380,la ronge,55.1001,-105.2842,-9.86,52,20,9.26,CA,1702331567
381,wardha,20.75,78.6167,17.36,60,10,1.38,IN,1702331819
382,la peca,-5.6111,-78.435,27.31,66,49,2.43,PE,1702331819
383,monywa,22.1167,95.1333,18.86,87,6,2.55,MM,1702331820
384,siguatepeque,14.6,-87.8333,20.48,81,78,3.07,HN,1702331701
385,qamdo,31.1667,97.2333,-10.13,33,1,1.82,CN,1702331820
386,blackfoot,43.1905,-112.345,2.45,93,100,2.16,US,1702331820
387,craig,40.5153,-107.5464,3.97,70,100,3.09,US,1702331821
388,tondano,1.3038,124.9112,20.05,93,58,0.97,ID,1702331821
389,labytnangi,66.6572,66.4183,-27.72,99,100,3.29,RU,1702331607
390,muli,2.9167,73.5667,28.17,74,63,3.58,MV,1702331822
391,saldanha,-33.0117,17.9442,17.03,91,54,7.94,ZA,1702331621
392,lagoa,39.05,-27.9833,15.67,60,2,6.57,PT,1702331823
393,cerro azul,21.2,-97.7333,17.43,71,100,2.5,MX,1702331823
394,adrar,20.5022,-10.0711,18.33,17,0,4.97,MR,1702331823
395,gillette,44.2911,-105.5022,2.28,87,100,6.17,US,1702331823
396,rabo de peixe,37.8,-25.5833,13.73,82,20,1.03,PT,1702331824
397,xining,36.6167,101.7667,-4.16,48,0,1.17,CN,1702331767
398,kavaratti,10.5669,72.642,27.6,79,94,2.95,IN,1702331799
399,totness,5.8833,-56.3167,26.06,86,32,4.14,SR,1702331825
400,miri,4.4148,114.0089,25.08,100,40,2.06,MY,1702331825
401,porto novo,6.4965,2.6036,28.9,80,72,2.61,BJ,1702331822
402,keflavik,64.0049,-22.5624,-1.05,86,20,3.09,IS,1702331784
403,piacabucu,-10.4056,-36.4344,26.36,78,13,5.99,BR,1702331798
404,arraial do cabo,-22.9661,-42.0278,23.92,88,75,4.12,BR,1702331826
405,gorontalo,0.5412,123.0595,23.82,94,24,1.55,ID,1702331822
406,choibalsan,48.0667,114.5,-24.29,100,97,0.55,MN,1702331827
407,khandyga,62.6667,135.6,-33.62,99,100,0.22,RU,1702331827
408,rudbar,30.15,62.6,14.01,30,76,1.56,AF,1702331828
409,villa gesell,-37.2639,-56.973,21.7,81,85,8.18,AR,1702331746
410,bonthe,7.5264,-12.505,26.78,80,5,2.49,SL,1702331828
411,peace river,56.2501,-117.286,-4.83,68,100,3.6,CA,1702331829
412,plymouth,41.8334,-70.8328,7.09,70,100,5.66,US,1702331648
413,naze,28.3667,129.4833,20.51,86,95,5.31,JP,1702331829
414,gadzhiyevo,69.2551,33.3362,-13.17,91,94,7.98,RU,1702331829
415,bode saadu,8.9333,4.7833,25.05,24,9,1.46,NG,1702331830
416,chaiya,9.3862,99.1986,25.47,86,90,1.42,TH,1702331830
417,tinongan,10.215,123.0353,24.0,92,11,2.88,PH,1702331830
418,fortuna,40.5982,-124.1573,17.18,82,0,0.89,US,1702331751
419,tyup,42.7276,78.3648,-4.83,90,98,3.08,KG,1702331831
420,prince rupert,54.3161,-130.3201,5.05,79,0,8.23,CA,1702331776
421,praya,14.9215,-23.5087,24.3,78,14,6.17,CV,1702331832
422,kokshetau,53.2775,69.3883,-30.48,98,16,2.69,KZ,1702331832
423,west end,26.6833,-78.9667,20.99,63,100,9.02,BS,1702331832
424,ranot,7.7777,100.3213,26.93,80,86,4.06,TH,1702331833
425,tralee,52.2704,-9.7026,7.75,94,100,2.2,IE,1702331691
426,usogorsk,63.4106,48.6872,-15.74,92,100,5.25,RU,1702331793
427,alamosa,37.4695,-105.87,6.99,31,0,1.54,US,1702331834
428,qui nhon,13.7667,109.2333,22.44,89,22,2.6,VN,1702331834
429,tual,-5.6667,132.75,29.04,75,100,4.75,ID,1702331834
430,khorixas,-20.3667,14.9667,21.24,39,12,2.63,NA,1702331834
431,kampene,-3.6,26.6667,20.63,96,100,0.4,CD,1702331835
432,pimentel,-6.8367,-79.9342,25.16,61,40,8.75,PE,1702331835
433,canmore,51.0834,-115.3521,-2.33,74,97,3.6,CA,1702331750
434,beacon square,28.2086,-82.7554,17.01,70,100,0.89,US,1702331836
435,kralendijk,12.15,-68.2667,28.99,79,40,6.69,BQ,1702331664
436,dingzhou,38.5131,114.9956,-2.94,97,15,0.95,CN,1702331837
437,jardinopolis,-21.0178,-47.7639,21.68,83,75,8.75,BR,1702331837
438,polyarnyy,69.1989,33.4478,-12.66,91,96,7.53,RU,1702331775
439,aswan,24.0934,32.907,19.61,24,0,1.54,EG,1702331838
440,meadow lakes,61.6247,-149.6011,-0.27,90,75,0.0,US,1702331783
441,clifton,40.8584,-74.1638,5.87,63,100,8.75,US,1702331705
442,el granada,37.5027,-122.4694,18.85,60,0,5.66,US,1702331764
443,great bend,38.3645,-98.7648,15.34,26,0,2.57,US,1702331771
444,brak,27.5496,14.2714,13.57,49,0,3.22,LY,1702331839
445,torghay,49.6339,63.4981,-26.31,72,6,7.56,KZ,1702331840
446,cambria,35.5641,-121.0808,23.61,73,62,1.34,US,1702331840
447,kerikeri,-35.2268,173.9474,19.95,66,32,3.13,NZ,1702331739
448,maxixe,-23.8597,35.3472,25.33,94,100,2.4,MZ,1702331841
449,bikenibeu village,1.3673,173.1241,28.52,72,81,1.38,KI,1702331755
450,minot air force base,48.4209,-101.3391,-1.9,68,20,13.89,US,1702331677
451,port-vila,-17.7338,168.3219,24.78,69,75,3.09,VU,1702331580
452,buala,-8.145,159.5921,28.35,69,99,2.18,SB,1702331842
453,mahina,-17.5065,-149.489,28.75,70,65,11.81,PF,1702331842
454,sinop,41.7711,34.8709,7.38,81,99,1.74,TR,1702331843
455,saint-joseph,-21.3667,55.6167,24.21,82,33,4.85,RE,1702331843
456,antsiranana,-12.2787,49.2917,25.65,82,21,4.99,MG,1702331805
457,zhangatas,43.5667,69.75,-20.58,81,4,0.62,KZ,1702331843
458,fort st. john,56.2499,-120.8529,-3.06,63,75,6.17,CA,1702331844
459,jijiga,9.35,42.8,15.68,61,22,1.29,ET,1702331844
460,hirara,24.8,125.2833,22.92,100,100,9.26,JP,1702331845
461,ashtarak,40.2991,44.362,2.09,87,100,1.03,AM,1702331845
462,jayapura,-2.5333,140.7,26.66,84,100,2.33,ID,1702331845
463,tamanrasset,22.785,5.5228,14.95,18,0,3.09,DZ,1702331846
464,mao,39.8885,4.2658,14.31,100,0,2.57,ES,1702331846
465,ancud,-41.8697,-73.8203,12.22,87,100,5.29,CL,1702331774
466,toliara,-23.35,43.6667,25.34,71,61,2.5,MG,1702331615
467,itaporanga,-7.3044,-38.1503,32.95,28,94,2.9,BR,1702331847
468,triberg,48.1333,8.2333,8.22,90,100,2.34,DE,1702331847
469,mata-utu,-13.2816,-176.1745,27.53,76,77,4.01,WF,1702331848
470,bubaque,11.2833,-15.8333,28.02,63,1,5.82,GW,1702331776
471,loreto,22.2667,-101.9667,12.75,64,100,4.0,MX,1702331848
472,inderbor,48.55,51.7833,-13.51,56,20,8.77,KZ,1702331849
473,letterkenny,54.95,-7.7333,8.94,96,100,4.26,IE,1702331849
474,yarmouth,41.7057,-70.2286,7.26,76,20,9.83,US,1702331849
475,negapatam,10.7667,79.8333,25.26,78,81,5.09,IN,1702331849
476,kuala belait,4.5833,114.1833,25.09,90,13,1.6,BN,1702331850
477,huaicheng,23.9051,112.1931,17.4,67,100,1.78,CN,1702331850
478,nadi,-17.8,177.4167,28.0,54,20,1.54,FJ,1702331725
479,emkhomazi,-30.2067,30.7978,19.55,91,99,1.01,ZA,1702331851
480,bryant,34.5959,-92.4891,14.01,35,8,2.24,US,1702331851
481,tazacorte,28.629,-17.9293,20.64,48,0,3.13,ES,1702331851
482,nabire,-3.3667,135.4833,25.17,93,98,1.65,ID,1702331852
483,mount pearl,47.5166,-52.7813,12.19,96,75,8.75,CA,1702331589
484,bucerias,20.75,-105.3333,28.88,79,17,1.35,MX,1702331800
485,saint-pol-sur-ternoise,50.3811,2.3341,9.67,97,42,3.19,FR,1702331852
486,pacific grove,36.6177,-121.9166,17.98,62,0,4.02,US,1702331853
487,santa maria del oro,25.9333,-105.3667,21.99,25,5,4.16,MX,1702331854
488,duki,30.1541,68.5728,10.17,22,18,1.91,PK,1702331854
489,chibougamau,49.9168,-74.3659,-9.21,86,100,2.57,CA,1702331854
490,retiro,-34.5833,-58.3833,29.08,65,0,5.66,AR,1702331855
491,bukan,36.521,46.2089,7.55,39,42,2.09,IR,1702331855
492,pontes e lacerda,-15.2261,-59.3353,27.17,74,81,1.37,BR,1702331855
493,kennett square,39.8468,-75.7116,5.83,61,100,7.2,US,1702331855
494,nokha,27.6,73.4167,16.01,23,7,2.4,IN,1702331856
495,island harbour,50.724,-1.2758,11.93,93,12,0.89,GB,1702331856
496,tabou,4.423,-7.3528,26.45,82,10,3.04,CI,1702331856
497,punta gorda,26.9298,-82.0454,19.03,59,0,5.66,US,1702331664
498,ad dawadimi,24.5077,44.3924,14.64,22,24,5.16,SA,1702331857
499,pathein,16.7833,94.7333,22.32,91,8,2.27,MM,1702331858
500,hammerfest,70.6634,23.6821,-1.75,93,75,4.63,NO,1702331773
501,taro,-8.3862,115.28,23.0,90,57,0.41,ID,1702331858
502,bogande,12.9714,-0.1436,22.95,19,16,4.6,BF,1702331859
503,richards bay,-28.783,32.0377,20.17,93,98,3.26,ZA,1702331859
504,dunedin,-45.8742,170.5036,10.45,72,87,4.02,NZ,1702331722
505,sos'va,59.1766,61.8558,-32.19,95,97,0.45,RU,1702331860
506,richmond,37.5538,-77.4603,8.02,62,20,5.14,US,1702331860
507,amga,60.8953,131.9608,-28.85,94,100,2.8,RU,1702331791
508,bandar abbas,27.1865,56.2808,13.99,51,0,2.06,IR,1702331861
509,nemuro,43.3236,145.575,1.45,71,100,4.83,JP,1702331536
510,divnogorsk,55.9594,92.3619,-39.03,100,42,0.28,RU,1702331861
511,narasannapeta,18.4167,84.05,19.96,74,3,2.18,IN,1702331861
512,rongelap,11.1635,166.8941,27.67,76,73,8.9,MH,1702331745
513,ararat,39.8317,44.7049,4.19,55,100,1.47,AM,1702331862
514,kamigyo-ku,35.0295,135.7567,14.36,96,98,1.18,JP,1702331862
515,murzuq,25.9155,13.9184,12.21,41,0,2.5,LY,1702331863
516,sinabang,2.4803,96.3801,25.91,81,98,0.96,ID,1702331797
517,chitose,42.8194,141.6522,-1.61,74,100,3.09,JP,1702331863
518,rijeka,45.3431,14.4092,11.78,92,100,0.57,HR,1702331864
519,pasuquin,18.3328,120.6177,23.97,94,20,1.03,PH,1702331864
520,cockburn town,21.4612,-71.1419,26.98,78,40,6.17,TC,1702331864
521,antanifotsy,-19.65,47.3167,16.0,97,57,0.96,MG,1702331865
522,san andres,12.5847,-81.7006,27.01,94,40,6.69,CO,1702331865
523,akureyri,65.6835,-18.0878,-5.04,86,75,1.03,IS,1702331700
524,mount isa,-20.7333,139.5,24.87,36,0,6.17,AU,1702331594
525,austin,30.2672,-97.7431,19.59,28,0,5.66,US,1702331790
526,valparaiso,-33.0393,-71.6273,23.13,60,0,4.63,CL,1702331782
527,ishigaki,24.3448,124.1572,23.07,100,100,5.66,JP,1702331866
528,wewak,-3.5534,143.6268,26.22,89,93,2.31,PG,1702331867
529,nagqu,31.5,92.0,-15.21,45,87,1.88,CN,1702331867
530,chernyshevskiy,63.0128,112.4714,-30.93,99,100,1.02,RU,1702331790
531,chamical,-30.36,-66.314,32.58,33,0,11.45,AR,1702331868
532,sterling,39.0062,-77.4286,6.2,58,75,6.69,US,1702331868
533,azemmour,33.2895,-8.3425,17.83,80,42,0.5,MA,1702331868
534,nar'yan-mar,67.6713,53.087,-14.39,91,100,8.4,RU,1702331847
535,goundam,16.4145,-3.6708,22.32,18,0,5.11,ML,1702331869
536,pirallahi,40.4723,50.333,6.08,78,100,8.9,AZ,1702331775
537,suhbaatar,50.2314,106.2078,-27.09,100,92,0.76,MN,1702331869
538,manaure,11.7751,-72.4445,29.96,60,0,8.79,CO,1702331787
539,luau,-10.7073,22.2247,18.86,96,85,1.38,AO,1702331727
540,colonia,50.9333,6.95,9.86,81,0,4.12,DE,1702331756
541,ankazoabo,-22.2833,44.5167,25.66,59,36,2.13,MG,1702331871
542,saint-paul,-21.0096,55.2707,25.06,96,34,0.45,RE,1702331871
543,jiuquan,39.7432,98.5174,1.09,14,51,1.6,CN,1702331872
544,north walsham,52.8212,1.3875,6.13,89,36,3.07,GB,1702331872
545,kolbuszowa,50.2441,21.7761,4.4,95,100,6.78,PL,1702331872
546,urzhar,47.093,81.6294,-8.13,94,100,2.93,KZ,1702331873
547,bargaal,11.2864,51.0773,23.92,70,28,3.36,SO,1702331873
548,portland,45.5234,-122.6762,12.34,93,100,2.06,US,1702331573
549,pangai,-19.8,-174.35,28.06,57,20,3.09,TO,1702331874
550,taphan hin,16.2209,100.4198,25.54,99,13,1.22,TH,1702331874
551,brisas de zicatela,15.8369,-97.0419,30.29,62,40,2.06,MX,1702331874
552,kewanee,41.2456,-89.9248,4.33,65,2,3.19,US,1702331874
553,vadso,70.0744,29.7487,-9.91,79,20,4.63,NO,1702331875
554,ampara,7.2833,81.6667,23.67,95,92,2.25,LK,1702331875
555,piti village,13.4626,144.6933,28.03,84,20,3.6,GU,1702331875
556,la pintada,5.7487,-75.6063,29.43,63,56,0.4,CO,1702331876
557,kailua-kona,19.6406,-155.9956,29.17,78,40,4.12,US,1702331758
558,tsiombe,-25.3,45.4833,23.97,94,78,1.14,MG,1702331824
559,myingyan,21.4667,95.3833,19.95,83,6,2.21,MM,1702331877
560,ugoofaaru,5.6667,73.0,26.71,81,93,0.69,MV,1702331877
561,bodinayakkanur,10.0167,77.35,23.19,97,96,1.28,IN,1702331877
562,ogden,41.223,-111.9738,7.94,58,0,2.57,US,1702331799
563,jiazi,22.8779,116.067,21.76,84,2,2.23,CN,1702331878
564,chadron,42.8294,-102.9999,10.82,41,75,8.23,US,1702331878
565,swakopmund,-22.6833,14.5333,16.66,84,0,0.89,NA,1702331774
566,sao jose da coroa grande,-8.8978,-35.1478,26.16,75,1,4.44,BR,1702331879
567,aliveri,38.4167,24.0333,13.01,78,7,1.32,GR,1702331880
568,shahrud,36.4182,54.9763,5.61,74,76,2.08,IR,1702331880
